nombre,estilo,categoria,precio,disponible,descripcion,nombre_en,estilo_en,descripcion_en,nombre_pt,estilo_pt,descripcion_pt,foto,audio_es,audio_en,audio_pt
Cazuela del lago,Cazuela,platos,8900,si,"Caldo de vacuno de muestra, con choclo, zapallo y cilantro.",Lakeside cazuela,Beef stew,"Sample beef broth with corn, squash and cilantro.",Cazuela do lago,Ensopado de carne,"Caldo de carne de amostra, com milho, abóbora e coentro.",,,,
Pastel de choclo,Pastel de choclo,platos,7900,si,"Maíz molido de muestra, con pino de vacuno y aceituna.",Corn pie,Corn and beef pie,Sample ground corn with beef filling and an olive.,Torta de milho,Torta de milho e carne,"Milho moído de amostra, com carne e azeitona.",,,,
Empanada de horno,Empanada,platos,2500,si,"Masa de muestra, con pino, huevo y una aceituna.",Baked empanada,Empanada,"Sample dough with beef, egg and one olive.",Empanada assada,Empanada,"Massa de amostra, com carne, ovo e uma azeitona.",,,,
Curanto en olla,Curanto,platos,12900,si,"Mariscos y carne de muestra, al modo de Chiloé.",Curanto in a pot,Curanto,"Sample shellfish and meat, the Chiloé way.",Curanto na panela,Curanto,"Frutos do mar e carne de amostra, ao modo de Chiloé.",,,,
Merluza austral,Pescado frito,platos,9800,no,Merluza de muestra. En la hoja figura agotada.,Southern hake,Fried fish,Sample hake. The sheet marks it as sold out.,Merluza do sul,Peixe frito,Merluza de amostra. Na planilha figura esgotada.,,,,
Mote con huesillo,Bebida fría,bebidas,2800,si,"Trigo y durazno de muestra, bien dulce.",Mote with peach,Cold drink,"Sample wheat and peach, quite sweet.",Mote com pêssego,Bebida gelada,"Trigo e pêssego de amostra, bem doce.",,,,
Jugo de murta,Jugo natural,bebidas,3200,si,"Murta de muestra, ácida y dulce.",Murta juice,Fresh juice,"Sample Chilean guava, tart and sweet.",Suco de murta,Suco natural,"Murta de amostra, ácida e doce.",,,,
Limonada de hierbabuena,Limonada,bebidas,2500,si,"Limón y hierbabuena de muestra, sin alcohol.",Spearmint lemonade,Lemonade,"Sample lemon and mint, with no alcohol.",Limonada de hortelã,Limonada,"Limão e hortelã de amostra, sem álcool.",,,,
Leche asada,Flan,postres,3900,si,"Leche asada de muestra, con caramelo.",Baked milk custard,Custard,Sample baked custard with caramel.,Leite assado,Pudim,"Leite assado de amostra, com caramelo.",,,,
Kuchen de manzana,Kuchen,postres,4200,si,"Masa quebrada de muestra y manzana, al modo de Osorno.",Apple kuchen,Kuchen,"Sample shortcrust and apple, the Osorno way.",Kuchen de maçã,Kuchen,"Massa quebrada de amostra e maçã, ao modo de Osorno.",,,,
Calzones rotos,Fritura dulce,postres,3000,si,"Masa frita de muestra, con azúcar flor.",Calzones rotos,Sweet fry,Sample fried dough with powdered sugar.,Calzones rotos,Fritura doce,"Massa frita de amostra, com açúcar de confeiteiro.",,,,
